number,job_id,job_role,job_role_ext,country,job_url
1,4c49289ebb29f3b6,de,data engineer,us,https://www.indeed.com/viewjob?jk=4c49289ebb29f3b6
2,a3dc5572ba104ae9,de,data engineer,us,https://www.indeed.com/viewjob?jk=a3dc5572ba104ae9
3,1942f9f301aeebe9,de,data engineer,us,https://www.indeed.com/viewjob?jk=1942f9f301aeebe9
4,139031e2678ede0e,de,data engineer,us,https://www.indeed.com/viewjob?jk=139031e2678ede0e
5,1a14ce6552eff178,de,data engineer,us,https://www.indeed.com/viewjob?jk=1a14ce6552eff178
6,c0c40c2203d09438,de,data engineer,us,https://www.indeed.com/viewjob?jk=c0c40c2203d09438
7,9a2c6ed6783b937f,de,data engineer,us,https://www.indeed.com/viewjob?jk=9a2c6ed6783b937f
8,95ddeaa74842c3f8,de,data engineer,us,https://www.indeed.com/viewjob?jk=95ddeaa74842c3f8
9,7779e2c9235f3d0d,de,data engineer,us,https://www.indeed.com/viewjob?jk=7779e2c9235f3d0d
10,46e1faffb9ab5864,de,data engineer,us,https://www.indeed.com/viewjob?jk=46e1faffb9ab5864
11,9cd9b46f5da69020,de,data engineer,us,https://www.indeed.com/viewjob?jk=9cd9b46f5da69020
12,45a92a29da879fde,de,data engineer,us,https://www.indeed.com/viewjob?jk=45a92a29da879fde
13,f32d02ad857b24f2,de,data engineer,us,https://www.indeed.com/viewjob?jk=f32d02ad857b24f2
14,5e6bfd0e9ac9bb4c,de,data engineer,us,https://www.indeed.com/viewjob?jk=5e6bfd0e9ac9bb4c
15,9d3edf9198a6eb54,de,data engineer,us,https://www.indeed.com/viewjob?jk=9d3edf9198a6eb54
16,238f9fc2d9803e67,de,data engineer,us,https://www.indeed.com/viewjob?jk=238f9fc2d9803e67
17,00f83d8422be0edc,de,data engineer,us,https://www.indeed.com/viewjob?jk=00f83d8422be0edc
18,36e417f579a42671,de,data engineer,us,https://www.indeed.com/viewjob?jk=36e417f579a42671
19,94534d406bc31a74,de,data engineer,us,https://www.indeed.com/viewjob?jk=94534d406bc31a74
20,323e2eefe0863477,de,data engineer,us,https://www.indeed.com/viewjob?jk=323e2eefe0863477
21,5ab420735d13be04,de,data engineer,us,https://www.indeed.com/viewjob?jk=5ab420735d13be04
22,50f4bf30bdeae502,de,data engineer,us,https://www.indeed.com/viewjob?jk=50f4bf30bdeae502
23,cc2e0bcf6f92b294,de,data engineer,us,https://www.indeed.com/viewjob?jk=cc2e0bcf6f92b294
24,a36d561ed27b484b,de,data engineer,us,https://www.indeed.com/viewjob?jk=a36d561ed27b484b
25,dc19da554ba805bb,de,data engineer,us,https://www.indeed.com/viewjob?jk=dc19da554ba805bb
26,36661edc3924e292,de,data engineer,us,https://www.indeed.com/viewjob?jk=36661edc3924e292
27,c60b525bf472fbc5,de,data engineer,us,https://www.indeed.com/viewjob?jk=c60b525bf472fbc5
28,fc46cdd486de2126,de,data engineer,us,https://www.indeed.com/viewjob?jk=fc46cdd486de2126
29,2e8d8d342e897ef0,de,data engineer,us,https://www.indeed.com/viewjob?jk=2e8d8d342e897ef0
30,22ed2efcd054c5cc,de,data engineer,us,https://www.indeed.com/viewjob?jk=22ed2efcd054c5cc
31,7b6407c9ec8238d9,de,data engineer,us,https://www.indeed.com/viewjob?jk=7b6407c9ec8238d9
32,f547fd9cea4d9c95,de,data engineer,us,https://www.indeed.com/viewjob?jk=f547fd9cea4d9c95
33,2fbcb9bfb89a36fe,de,data engineer,us,https://www.indeed.com/viewjob?jk=2fbcb9bfb89a36fe
34,f414356b59ae827e,de,data engineer,us,https://www.indeed.com/viewjob?jk=f414356b59ae827e
35,45d671ed03802271,de,data engineer,us,https://www.indeed.com/viewjob?jk=45d671ed03802271
36,1ae1d5d6def0a569,de,data engineer,us,https://www.indeed.com/viewjob?jk=1ae1d5d6def0a569
37,67892e4aaacf4a25,de,data engineer,us,https://www.indeed.com/viewjob?jk=67892e4aaacf4a25
38,d96400de3a9493f4,de,data engineer,us,https://www.indeed.com/viewjob?jk=d96400de3a9493f4
39,8413856ed452d4c0,de,data engineer,us,https://www.indeed.com/viewjob?jk=8413856ed452d4c0
40,251cc13efcb07e9f,de,data engineer,us,https://www.indeed.com/viewjob?jk=251cc13efcb07e9f
41,2dbdf21f13300bb4,de,data engineer,us,https://www.indeed.com/viewjob?jk=2dbdf21f13300bb4
42,7fdb55f8424c5655,de,data engineer,us,https://www.indeed.com/viewjob?jk=7fdb55f8424c5655
43,97565f8894848de0,de,data engineer,us,https://www.indeed.com/viewjob?jk=97565f8894848de0
44,5b8fec884db60f39,de,data engineer,us,https://www.indeed.com/viewjob?jk=5b8fec884db60f39
45,0ee1e4779701f4e9,de,data engineer,us,https://www.indeed.com/viewjob?jk=0ee1e4779701f4e9
46,43cf36228711b1cb,de,data engineer,us,https://www.indeed.com/viewjob?jk=43cf36228711b1cb
47,7f3cdbb9fca4756f,de,data engineer,us,https://www.indeed.com/viewjob?jk=7f3cdbb9fca4756f
48,57be36d5b04cd986,de,data engineer,us,https://www.indeed.com/viewjob?jk=57be36d5b04cd986
49,d789fe71846d1c12,de,data engineer,us,https://www.indeed.com/viewjob?jk=d789fe71846d1c12
50,3afeb9650338fb5d,de,data engineer,us,https://www.indeed.com/viewjob?jk=3afeb9650338fb5d
51,55718a62b5ea21df,de,data engineer,us,https://www.indeed.com/viewjob?jk=55718a62b5ea21df
52,32476293d29dda22,de,data engineer,us,https://www.indeed.com/viewjob?jk=32476293d29dda22
53,5e45b54fe12f7f81,de,data engineer,us,https://www.indeed.com/viewjob?jk=5e45b54fe12f7f81
54,abc847bbfc2b7d49,de,data engineer,us,https://www.indeed.com/viewjob?jk=abc847bbfc2b7d49
55,d6172e1c643fe975,de,data engineer,us,https://www.indeed.com/viewjob?jk=d6172e1c643fe975
56,81396d764a6c2476,de,data engineer,us,https://www.indeed.com/viewjob?jk=81396d764a6c2476
57,86adf8af7c86d2c2,de,data engineer,us,https://www.indeed.com/viewjob?jk=86adf8af7c86d2c2
58,06935a271da0f916,de,data engineer,us,https://www.indeed.com/viewjob?jk=06935a271da0f916
59,27a9f7010a1fffc7,de,data engineer,us,https://www.indeed.com/viewjob?jk=27a9f7010a1fffc7
60,feb40290c3fae3bd,de,data engineer,us,https://www.indeed.com/viewjob?jk=feb40290c3fae3bd
61,7a1642ff7a14daa7,de,data engineer,us,https://www.indeed.com/viewjob?jk=7a1642ff7a14daa7
62,c4eaff42ae6da538,de,data engineer,us,https://www.indeed.com/viewjob?jk=c4eaff42ae6da538
63,558d69095f90dcd0,de,data engineer,us,https://www.indeed.com/viewjob?jk=558d69095f90dcd0
64,457ec71c28660fd3,de,data engineer,us,https://www.indeed.com/viewjob?jk=457ec71c28660fd3
65,abb37c2efa0ea35f,de,data engineer,us,https://www.indeed.com/viewjob?jk=abb37c2efa0ea35f
66,768f2db479a84213,de,data engineer,us,https://www.indeed.com/viewjob?jk=768f2db479a84213
67,589726e208984f94,de,data engineer,us,https://www.indeed.com/viewjob?jk=589726e208984f94
68,5e665a1e8a24dbeb,de,data engineer,us,https://www.indeed.com/viewjob?jk=5e665a1e8a24dbeb
69,a7f57255c321dcda,de,data engineer,us,https://www.indeed.com/viewjob?jk=a7f57255c321dcda
70,8ffd514b0c73c46f,de,data engineer,us,https://www.indeed.com/viewjob?jk=8ffd514b0c73c46f
71,eadfb891c24048d2,de,data engineer,us,https://www.indeed.com/viewjob?jk=eadfb891c24048d2
72,0b0062e75e8d08fd,de,data engineer,us,https://www.indeed.com/viewjob?jk=0b0062e75e8d08fd
73,eabc233ce13cd7b2,de,data engineer,us,https://www.indeed.com/viewjob?jk=eabc233ce13cd7b2
74,73d3b885f428cad3,de,data engineer,us,https://www.indeed.com/viewjob?jk=73d3b885f428cad3
75,f03522a889dfa549,de,data engineer,us,https://www.indeed.com/viewjob?jk=f03522a889dfa549
76,509dde13c87d1ddc,de,data engineer,us,https://www.indeed.com/viewjob?jk=509dde13c87d1ddc
77,ab6acee81629b8c5,de,data engineer,us,https://www.indeed.com/viewjob?jk=ab6acee81629b8c5
78,effcb08ae85bf539,de,data engineer,us,https://www.indeed.com/viewjob?jk=effcb08ae85bf539
79,f6d3405d4e4c7a69,de,data engineer,us,https://www.indeed.com/viewjob?jk=f6d3405d4e4c7a69
1,919f025afa2a8d50,de,data engineer,uk,https://www.indeed.com/viewjob?jk=919f025afa2a8d50
2,900dcd38fda781ee,de,data engineer,uk,https://www.indeed.com/viewjob?jk=900dcd38fda781ee
3,bd4f0179fa4aeaad,de,data engineer,uk,https://www.indeed.com/viewjob?jk=bd4f0179fa4aeaad
1,317dd67e6b8219b5,de,data engineer,es,https://www.indeed.com/viewjob?jk=317dd67e6b8219b5
2,79cd59307536ce00,de,data engineer,es,https://www.indeed.com/viewjob?jk=79cd59307536ce00
1,57fb68d39292c601,de,data engineer,fr,https://www.indeed.com/viewjob?jk=57fb68d39292c601
2,88b1a687851c5dce,de,data engineer,fr,https://www.indeed.com/viewjob?jk=88b1a687851c5dce
3,0cc5cac5de9ebfd9,de,data engineer,fr,https://www.indeed.com/viewjob?jk=0cc5cac5de9ebfd9
4,28202d1c58992701,de,data engineer,fr,https://www.indeed.com/viewjob?jk=28202d1c58992701
5,38cebe23a3a6acbc,de,data engineer,fr,https://www.indeed.com/viewjob?jk=38cebe23a3a6acbc
6,0b6d1f39ea9d8d85,de,data engineer,fr,https://www.indeed.com/viewjob?jk=0b6d1f39ea9d8d85
1,de07ae4ff5f8c3b1,de,data engineer,de,https://www.indeed.com/viewjob?jk=de07ae4ff5f8c3b1
2,8d551c48900d6c6c,de,data engineer,de,https://www.indeed.com/viewjob?jk=8d551c48900d6c6c
3,abddc4bc922634f9,de,data engineer,de,https://www.indeed.com/viewjob?jk=abddc4bc922634f9
4,496d9bcf1246d60a,de,data engineer,de,https://www.indeed.com/viewjob?jk=496d9bcf1246d60a
5,990e1800be698899,de,data engineer,de,https://www.indeed.com/viewjob?jk=990e1800be698899
6,1163a487ecb103cc,de,data engineer,de,https://www.indeed.com/viewjob?jk=1163a487ecb103cc
7,38abec9ba971f972,de,data engineer,de,https://www.indeed.com/viewjob?jk=38abec9ba971f972
1,2c4f1668524a5003,de,data engineer,at,https://www.indeed.com/viewjob?jk=2c4f1668524a5003
2,089b3cc8cf974486,de,data engineer,at,https://www.indeed.com/viewjob?jk=089b3cc8cf974486
1,ba421d29ea9c7962,de,data engineer,be,https://www.indeed.com/viewjob?jk=ba421d29ea9c7962
1,8bd8759bc82e7878,de,data engineer,ca,https://www.indeed.com/viewjob?jk=8bd8759bc82e7878
2,6386d4d1748faa71,de,data engineer,ca,https://www.indeed.com/viewjob?jk=6386d4d1748faa71
3,4e7dccf14bfa64e5,de,data engineer,ca,https://www.indeed.com/viewjob?jk=4e7dccf14bfa64e5
4,1062326951edc612,de,data engineer,ca,https://www.indeed.com/viewjob?jk=1062326951edc612
5,fe031e4ee16e4b8f,de,data engineer,ca,https://www.indeed.com/viewjob?jk=fe031e4ee16e4b8f
6,176f5d4c2eabe6a3,de,data engineer,ca,https://www.indeed.com/viewjob?jk=176f5d4c2eabe6a3
7,7ef1da58dbe02868,de,data engineer,ca,https://www.indeed.com/viewjob?jk=7ef1da58dbe02868
8,57a48a5e95c7fd0d,de,data engineer,ca,https://www.indeed.com/viewjob?jk=57a48a5e95c7fd0d
9,6e752e64961663e2,de,data engineer,ca,https://www.indeed.com/viewjob?jk=6e752e64961663e2
10,4cc04413de45116d,de,data engineer,ca,https://www.indeed.com/viewjob?jk=4cc04413de45116d
1,d4a325434da10764,de,data engineer,dk,https://www.indeed.com/viewjob?jk=d4a325434da10764
2,4f60e38adfa566bb,de,data engineer,dk,https://www.indeed.com/viewjob?jk=4f60e38adfa566bb
3,48fd13bf656da4b7,de,data engineer,dk,https://www.indeed.com/viewjob?jk=48fd13bf656da4b7
1,58f3c98cb038909a,de,data engineer,pl,https://www.indeed.com/viewjob?jk=58f3c98cb038909a
2,39f9af164e26bfc4,de,data engineer,pl,https://www.indeed.com/viewjob?jk=39f9af164e26bfc4
3,b7782563f8023fd5,de,data engineer,pl,https://www.indeed.com/viewjob?jk=b7782563f8023fd5
4,77e6d021350c43c3,de,data engineer,pl,https://www.indeed.com/viewjob?jk=77e6d021350c43c3
5,55eb320b59dbc991,de,data engineer,pl,https://www.indeed.com/viewjob?jk=55eb320b59dbc991
6,9b7531556b692bc0,de,data engineer,pl,https://www.indeed.com/viewjob?jk=9b7531556b692bc0
7,88a5351e00cd6064,de,data engineer,pl,https://www.indeed.com/viewjob?jk=88a5351e00cd6064
8,b4d61ae0524063f4,de,data engineer,pl,https://www.indeed.com/viewjob?jk=b4d61ae0524063f4
1,73d842cffe6fa918,de,data engineer,pt,https://www.indeed.com/viewjob?jk=73d842cffe6fa918
2,a9d5355971b0f5eb,de,data engineer,pt,https://www.indeed.com/viewjob?jk=a9d5355971b0f5eb
1,b03b0d04204f751d,de,data engineer,ro,https://www.indeed.com/viewjob?jk=b03b0d04204f751d
2,05368ce96fe397e2,de,data engineer,ro,https://www.indeed.com/viewjob?jk=05368ce96fe397e2
3,1feb302d94b8a357,de,data engineer,ro,https://www.indeed.com/viewjob?jk=1feb302d94b8a357
1,b85caa6b4a5e74c6,de,data engineer,au,https://www.indeed.com/viewjob?jk=b85caa6b4a5e74c6
2,268ed4763e370a49,de,data engineer,au,https://www.indeed.com/viewjob?jk=268ed4763e370a49
1,c253c21e239cd468,de,data engineer,br,https://www.indeed.com/viewjob?jk=c253c21e239cd468
1,a9d96037e1373057,de,data engineer,cl,https://www.indeed.com/viewjob?jk=a9d96037e1373057
1,9a64c6063952ae63,de,data engineer,cr,https://www.indeed.com/viewjob?jk=9a64c6063952ae63
1,bef7daeb4a265706,de,data engineer,hk,https://www.indeed.com/viewjob?jk=bef7daeb4a265706
2,e8066343fe574e53,de,data engineer,hk,https://www.indeed.com/viewjob?jk=e8066343fe574e53
1,daaab5d06c6f9130,de,data engineer,in,https://www.indeed.com/viewjob?jk=daaab5d06c6f9130
2,6b5ea335e3fcb664,de,data engineer,in,https://www.indeed.com/viewjob?jk=6b5ea335e3fcb664
3,54c056413999e0f7,de,data engineer,in,https://www.indeed.com/viewjob?jk=54c056413999e0f7
4,9a67d585e3ff352f,de,data engineer,in,https://www.indeed.com/viewjob?jk=9a67d585e3ff352f
5,8cb51fd163b4996a,de,data engineer,in,https://www.indeed.com/viewjob?jk=8cb51fd163b4996a
6,08cdc7e813d31968,de,data engineer,in,https://www.indeed.com/viewjob?jk=08cdc7e813d31968
7,7347a560c52afda3,de,data engineer,in,https://www.indeed.com/viewjob?jk=7347a560c52afda3
8,be8f4b4cecf0ca08,de,data engineer,in,https://www.indeed.com/viewjob?jk=be8f4b4cecf0ca08
9,fe4bf6c51db0dc45,de,data engineer,in,https://www.indeed.com/viewjob?jk=fe4bf6c51db0dc45
10,80debb43fb13aa3f,de,data engineer,in,https://www.indeed.com/viewjob?jk=80debb43fb13aa3f
11,112c647d84b712bf,de,data engineer,in,https://www.indeed.com/viewjob?jk=112c647d84b712bf
12,532694280f8d2a99,de,data engineer,in,https://www.indeed.com/viewjob?jk=532694280f8d2a99
13,0702b6475b9d563a,de,data engineer,in,https://www.indeed.com/viewjob?jk=0702b6475b9d563a
14,2423434c9f43c7a6,de,data engineer,in,https://www.indeed.com/viewjob?jk=2423434c9f43c7a6
15,c022a1a415655792,de,data engineer,in,https://www.indeed.com/viewjob?jk=c022a1a415655792
16,21edb27123c47a3f,de,data engineer,in,https://www.indeed.com/viewjob?jk=21edb27123c47a3f
17,41fabdbf2d82ff29,de,data engineer,in,https://www.indeed.com/viewjob?jk=41fabdbf2d82ff29
18,3156ee8224dde022,de,data engineer,in,https://www.indeed.com/viewjob?jk=3156ee8224dde022
19,b8f02e96c509b060,de,data engineer,in,https://www.indeed.com/viewjob?jk=b8f02e96c509b060
20,4058db59a027d57e,de,data engineer,in,https://www.indeed.com/viewjob?jk=4058db59a027d57e
21,e2e61da22c3c9abe,de,data engineer,in,https://www.indeed.com/viewjob?jk=e2e61da22c3c9abe
22,166669dd79216c7b,de,data engineer,in,https://www.indeed.com/viewjob?jk=166669dd79216c7b
23,6c5236b27e92a57d,de,data engineer,in,https://www.indeed.com/viewjob?jk=6c5236b27e92a57d
24,913858c52ad52397,de,data engineer,in,https://www.indeed.com/viewjob?jk=913858c52ad52397
25,1cbebd0f6dcc0480,de,data engineer,in,https://www.indeed.com/viewjob?jk=1cbebd0f6dcc0480
26,2f9766c023b716ac,de,data engineer,in,https://www.indeed.com/viewjob?jk=2f9766c023b716ac
27,2377e76927b07a4f,de,data engineer,in,https://www.indeed.com/viewjob?jk=2377e76927b07a4f
28,e2409338c353f1ca,de,data engineer,in,https://www.indeed.com/viewjob?jk=e2409338c353f1ca
29,8701f12c8718f536,de,data engineer,in,https://www.indeed.com/viewjob?jk=8701f12c8718f536
30,ccb5de3218057f2f,de,data engineer,in,https://www.indeed.com/viewjob?jk=ccb5de3218057f2f
31,d6f8cc0503263a16,de,data engineer,in,https://www.indeed.com/viewjob?jk=d6f8cc0503263a16
32,0848ee3d7331b8ca,de,data engineer,in,https://www.indeed.com/viewjob?jk=0848ee3d7331b8ca
33,4258ad961c546bfc,de,data engineer,in,https://www.indeed.com/viewjob?jk=4258ad961c546bfc
34,84dbd589c0043b13,de,data engineer,in,https://www.indeed.com/viewjob?jk=84dbd589c0043b13
35,03f4465038a96b1f,de,data engineer,in,https://www.indeed.com/viewjob?jk=03f4465038a96b1f
36,97cc7b5d894ea8eb,de,data engineer,in,https://www.indeed.com/viewjob?jk=97cc7b5d894ea8eb
37,463dfdac9104ce1c,de,data engineer,in,https://www.indeed.com/viewjob?jk=463dfdac9104ce1c
38,986bc37b29b7512e,de,data engineer,in,https://www.indeed.com/viewjob?jk=986bc37b29b7512e
39,f78f222855f0038b,de,data engineer,in,https://www.indeed.com/viewjob?jk=f78f222855f0038b
40,69dbccf6d095472e,de,data engineer,in,https://www.indeed.com/viewjob?jk=69dbccf6d095472e
41,d661d7c2c4aa6396,de,data engineer,in,https://www.indeed.com/viewjob?jk=d661d7c2c4aa6396
42,469d1fd69a7ae31d,de,data engineer,in,https://www.indeed.com/viewjob?jk=469d1fd69a7ae31d
43,a6d50be760af35be,de,data engineer,in,https://www.indeed.com/viewjob?jk=a6d50be760af35be
44,d40b71782e92d7a4,de,data engineer,in,https://www.indeed.com/viewjob?jk=d40b71782e92d7a4
45,6b4a690cc19a8776,de,data engineer,in,https://www.indeed.com/viewjob?jk=6b4a690cc19a8776
46,2aca0fc79510b7c3,de,data engineer,in,https://www.indeed.com/viewjob?jk=2aca0fc79510b7c3
47,1b3e0c672abdc1ff,de,data engineer,in,https://www.indeed.com/viewjob?jk=1b3e0c672abdc1ff
48,7a7f8fb1b03dd559,de,data engineer,in,https://www.indeed.com/viewjob?jk=7a7f8fb1b03dd559
49,9b7cd3033865cbde,de,data engineer,in,https://www.indeed.com/viewjob?jk=9b7cd3033865cbde
50,38e8660e22e53eca,de,data engineer,in,https://www.indeed.com/viewjob?jk=38e8660e22e53eca
51,3f452379a2ee6945,de,data engineer,in,https://www.indeed.com/viewjob?jk=3f452379a2ee6945
52,faf638f3c9e7ba56,de,data engineer,in,https://www.indeed.com/viewjob?jk=faf638f3c9e7ba56
53,5b50dc91e06b307a,de,data engineer,in,https://www.indeed.com/viewjob?jk=5b50dc91e06b307a
54,381418e24f44845e,de,data engineer,in,https://www.indeed.com/viewjob?jk=381418e24f44845e
55,99066e54f7f22961,de,data engineer,in,https://www.indeed.com/viewjob?jk=99066e54f7f22961
56,17e499545e264c73,de,data engineer,in,https://www.indeed.com/viewjob?jk=17e499545e264c73
57,af451df26f1b00d0,de,data engineer,in,https://www.indeed.com/viewjob?jk=af451df26f1b00d0
58,815e2cf4a78dffa4,de,data engineer,in,https://www.indeed.com/viewjob?jk=815e2cf4a78dffa4
59,ad1d77f2da4add8d,de,data engineer,in,https://www.indeed.com/viewjob?jk=ad1d77f2da4add8d
60,8236dc1209c1c478,de,data engineer,in,https://www.indeed.com/viewjob?jk=8236dc1209c1c478
61,2717913bfa2857f9,de,data engineer,in,https://www.indeed.com/viewjob?jk=2717913bfa2857f9
62,10644812788f01e7,de,data engineer,in,https://www.indeed.com/viewjob?jk=10644812788f01e7
63,e8c1f7b5d24cb0d3,de,data engineer,in,https://www.indeed.com/viewjob?jk=e8c1f7b5d24cb0d3
64,fcb667eac8dbfbca,de,data engineer,in,https://www.indeed.com/viewjob?jk=fcb667eac8dbfbca
65,c361b7575fa2b99e,de,data engineer,in,https://www.indeed.com/viewjob?jk=c361b7575fa2b99e
66,c1f5df2fe3233ae0,de,data engineer,in,https://www.indeed.com/viewjob?jk=c1f5df2fe3233ae0
67,a68c42860fcf6a5b,de,data engineer,in,https://www.indeed.com/viewjob?jk=a68c42860fcf6a5b
68,bde7533c70f116de,de,data engineer,in,https://www.indeed.com/viewjob?jk=bde7533c70f116de
69,57c2a007fbdd549b,de,data engineer,in,https://www.indeed.com/viewjob?jk=57c2a007fbdd549b
70,cc3d3581da0e4894,de,data engineer,in,https://www.indeed.com/viewjob?jk=cc3d3581da0e4894
71,414927dacd9fb9f5,de,data engineer,in,https://www.indeed.com/viewjob?jk=414927dacd9fb9f5
72,8dbc5ef9829b02eb,de,data engineer,in,https://www.indeed.com/viewjob?jk=8dbc5ef9829b02eb
73,f99f4d4845873d00,de,data engineer,in,https://www.indeed.com/viewjob?jk=f99f4d4845873d00
74,f4bb340a5544b105,de,data engineer,in,https://www.indeed.com/viewjob?jk=f4bb340a5544b105
75,bf10304976fa535d,de,data engineer,in,https://www.indeed.com/viewjob?jk=bf10304976fa535d
76,aceee42dbc7dab25,de,data engineer,in,https://www.indeed.com/viewjob?jk=aceee42dbc7dab25
77,d80ecc0990886fa2,de,data engineer,in,https://www.indeed.com/viewjob?jk=d80ecc0990886fa2
78,ed42e4787e90a730,de,data engineer,in,https://www.indeed.com/viewjob?jk=ed42e4787e90a730
79,60e3fb6cf9af32e3,de,data engineer,in,https://www.indeed.com/viewjob?jk=60e3fb6cf9af32e3
80,73a6b49a2dde57ba,de,data engineer,in,https://www.indeed.com/viewjob?jk=73a6b49a2dde57ba
81,981c153277c30c94,de,data engineer,in,https://www.indeed.com/viewjob?jk=981c153277c30c94
82,0993e2c6f4520542,de,data engineer,in,https://www.indeed.com/viewjob?jk=0993e2c6f4520542
83,ffc18125864fc2cc,de,data engineer,in,https://www.indeed.com/viewjob?jk=ffc18125864fc2cc
84,816c93873fb03c3f,de,data engineer,in,https://www.indeed.com/viewjob?jk=816c93873fb03c3f
85,d8e16cb0ad3ae445,de,data engineer,in,https://www.indeed.com/viewjob?jk=d8e16cb0ad3ae445
86,298679312050f24d,de,data engineer,in,https://www.indeed.com/viewjob?jk=298679312050f24d
87,da3acb802e79a1cf,de,data engineer,in,https://www.indeed.com/viewjob?jk=da3acb802e79a1cf
88,ef2a5aafd7763934,de,data engineer,in,https://www.indeed.com/viewjob?jk=ef2a5aafd7763934
89,f427f02f57c1b573,de,data engineer,in,https://www.indeed.com/viewjob?jk=f427f02f57c1b573
90,b36027ecbadd6fe0,de,data engineer,in,https://www.indeed.com/viewjob?jk=b36027ecbadd6fe0
91,247eab3132b29af1,de,data engineer,in,https://www.indeed.com/viewjob?jk=247eab3132b29af1
92,5794789b45212a0a,de,data engineer,in,https://www.indeed.com/viewjob?jk=5794789b45212a0a
93,2f1de40cab180f37,de,data engineer,in,https://www.indeed.com/viewjob?jk=2f1de40cab180f37
94,a358929d8d2a89c4,de,data engineer,in,https://www.indeed.com/viewjob?jk=a358929d8d2a89c4
95,c8a9273f7230952b,de,data engineer,in,https://www.indeed.com/viewjob?jk=c8a9273f7230952b
96,05ea2d01b4e7792b,de,data engineer,in,https://www.indeed.com/viewjob?jk=05ea2d01b4e7792b
97,81b93d8f5aa582da,de,data engineer,in,https://www.indeed.com/viewjob?jk=81b93d8f5aa582da
98,d2b325454a83ecbf,de,data engineer,in,https://www.indeed.com/viewjob?jk=d2b325454a83ecbf
99,44140926b04c7acb,de,data engineer,in,https://www.indeed.com/viewjob?jk=44140926b04c7acb
100,a0d13db74404401a,de,data engineer,in,https://www.indeed.com/viewjob?jk=a0d13db74404401a
101,dc29b75d0d6c6c46,de,data engineer,in,https://www.indeed.com/viewjob?jk=dc29b75d0d6c6c46
102,c37ffdec78054a90,de,data engineer,in,https://www.indeed.com/viewjob?jk=c37ffdec78054a90
103,e0853daa02ae0c65,de,data engineer,in,https://www.indeed.com/viewjob?jk=e0853daa02ae0c65
104,af35f2c553364324,de,data engineer,in,https://www.indeed.com/viewjob?jk=af35f2c553364324
105,7e97d9429d23cc14,de,data engineer,in,https://www.indeed.com/viewjob?jk=7e97d9429d23cc14
106,dcf40571a90e7c08,de,data engineer,in,https://www.indeed.com/viewjob?jk=dcf40571a90e7c08
107,0bf055a6163ee7c6,de,data engineer,in,https://www.indeed.com/viewjob?jk=0bf055a6163ee7c6
108,d8dc42cf70c4cad9,de,data engineer,in,https://www.indeed.com/viewjob?jk=d8dc42cf70c4cad9
109,79b3754576eb6147,de,data engineer,in,https://www.indeed.com/viewjob?jk=79b3754576eb6147
110,7f405c857a986f67,de,data engineer,in,https://www.indeed.com/viewjob?jk=7f405c857a986f67
111,6dd4ead2925f369d,de,data engineer,in,https://www.indeed.com/viewjob?jk=6dd4ead2925f369d
112,4b33deba3c7a6f67,de,data engineer,in,https://www.indeed.com/viewjob?jk=4b33deba3c7a6f67
113,9342f6bb258c1493,de,data engineer,in,https://www.indeed.com/viewjob?jk=9342f6bb258c1493
114,e616fff1e60c58c3,de,data engineer,in,https://www.indeed.com/viewjob?jk=e616fff1e60c58c3
115,e2be3ea382763a0c,de,data engineer,in,https://www.indeed.com/viewjob?jk=e2be3ea382763a0c
116,583502ceb3596d08,de,data engineer,in,https://www.indeed.com/viewjob?jk=583502ceb3596d08
117,eafa3cfdb4d8153d,de,data engineer,in,https://www.indeed.com/viewjob?jk=eafa3cfdb4d8153d
118,d741a12530a0d69e,de,data engineer,in,https://www.indeed.com/viewjob?jk=d741a12530a0d69e
119,58385b18f60da98a,de,data engineer,in,https://www.indeed.com/viewjob?jk=58385b18f60da98a
120,f043e4a984ad574f,de,data engineer,in,https://www.indeed.com/viewjob?jk=f043e4a984ad574f
121,5c38043a102ef747,de,data engineer,in,https://www.indeed.com/viewjob?jk=5c38043a102ef747
122,0ae62f6f602fa206,de,data engineer,in,https://www.indeed.com/viewjob?jk=0ae62f6f602fa206
123,d156aa735018969b,de,data engineer,in,https://www.indeed.com/viewjob?jk=d156aa735018969b
124,f0c69a6a897ecef4,de,data engineer,in,https://www.indeed.com/viewjob?jk=f0c69a6a897ecef4
1,1888e999095b39e9,de,data engineer,il,https://www.indeed.com/viewjob?jk=1888e999095b39e9
2,e0b213c21bcb6f25,de,data engineer,il,https://www.indeed.com/viewjob?jk=e0b213c21bcb6f25
3,1993962c59f66c73,de,data engineer,il,https://www.indeed.com/viewjob?jk=1993962c59f66c73
4,f148feb9127fc394,de,data engineer,il,https://www.indeed.com/viewjob?jk=f148feb9127fc394
1,e76bed7c03b7f542,de,data engineer,mx,https://www.indeed.com/viewjob?jk=e76bed7c03b7f542
1,bdbb560233aa19f2,de,data engineer,ng,https://www.indeed.com/viewjob?jk=bdbb560233aa19f2
1,d54037728c58e22b,de,data engineer,pk,https://www.indeed.com/viewjob?jk=d54037728c58e22b
1,9f3347a5905e8beb,de,data engineer,ph,https://www.indeed.com/viewjob?jk=9f3347a5905e8beb
1,9fc817290c998d62,de,data engineer,sg,https://www.indeed.com/viewjob?jk=9fc817290c998d62
2,01a9e4e620cc9f3e,de,data engineer,sg,https://www.indeed.com/viewjob?jk=01a9e4e620cc9f3e
3,df01193aa92d14e7,de,data engineer,sg,https://www.indeed.com/viewjob?jk=df01193aa92d14e7
4,249eb9fcb1e53dff,de,data engineer,sg,https://www.indeed.com/viewjob?jk=249eb9fcb1e53dff
5,0098077159d0bed5,de,data engineer,sg,https://www.indeed.com/viewjob?jk=0098077159d0bed5
6,5caace88b4058214,de,data engineer,sg,https://www.indeed.com/viewjob?jk=5caace88b4058214
1,f1ad4770cc46510d,de,data engineer,th,https://www.indeed.com/viewjob?jk=f1ad4770cc46510d
1,1ad2f378994f2942,de,data engineer,tr,https://www.indeed.com/viewjob?jk=1ad2f378994f2942
1,a6ab4d35947b2a99,de,data engineer,vn,https://www.indeed.com/viewjob?jk=a6ab4d35947b2a99
2,cc8fb125c4526836,de,data engineer,vn,https://www.indeed.com/viewjob?jk=cc8fb125c4526836
1,2662970ff61d195d,ds,data scientist,us,https://www.indeed.com/viewjob?jk=2662970ff61d195d
2,1286cfc69a293be8,ds,data scientist,us,https://www.indeed.com/viewjob?jk=1286cfc69a293be8
3,a9f8e78acb1cf214,ds,data scientist,us,https://www.indeed.com/viewjob?jk=a9f8e78acb1cf214
4,aaaf10d79410842a,ds,data scientist,us,https://www.indeed.com/viewjob?jk=aaaf10d79410842a
5,65baca6bd04f3e11,ds,data scientist,us,https://www.indeed.com/viewjob?jk=65baca6bd04f3e11
6,e8e61f1416afe00a,ds,data scientist,us,https://www.indeed.com/viewjob?jk=e8e61f1416afe00a
7,25add6ecb896c38c,ds,data scientist,us,https://www.indeed.com/viewjob?jk=25add6ecb896c38c
8,9a0b1f4db8db6366,ds,data scientist,us,https://www.indeed.com/viewjob?jk=9a0b1f4db8db6366
9,b0c6579d809df70f,ds,data scientist,us,https://www.indeed.com/viewjob?jk=b0c6579d809df70f
10,36bf6c536086035d,ds,data scientist,us,https://www.indeed.com/viewjob?jk=36bf6c536086035d
11,235fbfde011df796,ds,data scientist,us,https://www.indeed.com/viewjob?jk=235fbfde011df796
12,f2bec68910c3ab0e,ds,data scientist,us,https://www.indeed.com/viewjob?jk=f2bec68910c3ab0e
13,b3276697a5d2d0c9,ds,data scientist,us,https://www.indeed.com/viewjob?jk=b3276697a5d2d0c9
14,509787063f0f75fd,ds,data scientist,us,https://www.indeed.com/viewjob?jk=509787063f0f75fd
15,9196f3f401f2df4d,ds,data scientist,us,https://www.indeed.com/viewjob?jk=9196f3f401f2df4d
16,7e74afa9b58cd740,ds,data scientist,us,https://www.indeed.com/viewjob?jk=7e74afa9b58cd740
17,ae20bafa685a92bb,ds,data scientist,us,https://www.indeed.com/viewjob?jk=ae20bafa685a92bb
18,eb4a93823f617019,ds,data scientist,us,https://www.indeed.com/viewjob?jk=eb4a93823f617019
19,89dfbd5fab613705,ds,data scientist,us,https://www.indeed.com/viewjob?jk=89dfbd5fab613705
20,cb194842a5dc94ba,ds,data scientist,us,https://www.indeed.com/viewjob?jk=cb194842a5dc94ba
21,53bb95880e1c6c20,ds,data scientist,us,https://www.indeed.com/viewjob?jk=53bb95880e1c6c20
22,42513693480429c3,ds,data scientist,us,https://www.indeed.com/viewjob?jk=42513693480429c3
23,1f6c227db074ca2a,ds,data scientist,us,https://www.indeed.com/viewjob?jk=1f6c227db074ca2a
24,b50d3d48b8225dff,ds,data scientist,us,https://www.indeed.com/viewjob?jk=b50d3d48b8225dff
25,c85716eb283f3b67,ds,data scientist,us,https://www.indeed.com/viewjob?jk=c85716eb283f3b67
26,ec5b75f5e4750ca1,ds,data scientist,us,https://www.indeed.com/viewjob?jk=ec5b75f5e4750ca1
27,8c9aa5da240cf7a8,ds,data scientist,us,https://www.indeed.com/viewjob?jk=8c9aa5da240cf7a8
28,af7c4bd69001029c,ds,data scientist,us,https://www.indeed.com/viewjob?jk=af7c4bd69001029c
29,bf46b1b9444cf8ff,ds,data scientist,us,https://www.indeed.com/viewjob?jk=bf46b1b9444cf8ff
30,f3bb67e805c00db3,ds,data scientist,us,https://www.indeed.com/viewjob?jk=f3bb67e805c00db3
31,3ae409e94f7601a0,ds,data scientist,us,https://www.indeed.com/viewjob?jk=3ae409e94f7601a0
32,93ffb91b7aa29e61,ds,data scientist,us,https://www.indeed.com/viewjob?jk=93ffb91b7aa29e61
33,d501580d9ecf27ef,ds,data scientist,us,https://www.indeed.com/viewjob?jk=d501580d9ecf27ef
34,4f11c9f9679ffb37,ds,data scientist,us,https://www.indeed.com/viewjob?jk=4f11c9f9679ffb37
35,0e436b86d042bb34,ds,data scientist,us,https://www.indeed.com/viewjob?jk=0e436b86d042bb34
36,0c235bd18ce3f8d4,ds,data scientist,us,https://www.indeed.com/viewjob?jk=0c235bd18ce3f8d4
37,f3bac06ece22ea01,ds,data scientist,us,https://www.indeed.com/viewjob?jk=f3bac06ece22ea01
38,80b8e8fdeab011a5,ds,data scientist,us,https://www.indeed.com/viewjob?jk=80b8e8fdeab011a5
39,b82dd43210729b4e,ds,data scientist,us,https://www.indeed.com/viewjob?jk=b82dd43210729b4e
40,298fee1acab446ac,ds,data scientist,us,https://www.indeed.com/viewjob?jk=298fee1acab446ac
41,218eafd208aa057f,ds,data scientist,us,https://www.indeed.com/viewjob?jk=218eafd208aa057f
42,da7aa3beacae724c,ds,data scientist,us,https://www.indeed.com/viewjob?jk=da7aa3beacae724c
43,f92bb92b2ed7c7b5,ds,data scientist,us,https://www.indeed.com/viewjob?jk=f92bb92b2ed7c7b5
44,a491267219edbf78,ds,data scientist,us,https://www.indeed.com/viewjob?jk=a491267219edbf78
45,f2fc4dd66bb25904,ds,data scientist,us,https://www.indeed.com/viewjob?jk=f2fc4dd66bb25904
46,9e543f9e444f2409,ds,data scientist,us,https://www.indeed.com/viewjob?jk=9e543f9e444f2409
47,855e097e0f4f0a9d,ds,data scientist,us,https://www.indeed.com/viewjob?jk=855e097e0f4f0a9d
48,78431c28c2d0560c,ds,data scientist,us,https://www.indeed.com/viewjob?jk=78431c28c2d0560c
49,54c940cd311afe79,ds,data scientist,us,https://www.indeed.com/viewjob?jk=54c940cd311afe79
50,f96d90f1a73db628,ds,data scientist,us,https://www.indeed.com/viewjob?jk=f96d90f1a73db628
51,4df221c1aee1d323,ds,data scientist,us,https://www.indeed.com/viewjob?jk=4df221c1aee1d323
52,8492d48ccf3c0202,ds,data scientist,us,https://www.indeed.com/viewjob?jk=8492d48ccf3c0202
53,e416ecb4f8fd9be9,ds,data scientist,us,https://www.indeed.com/viewjob?jk=e416ecb4f8fd9be9
54,071e16e367b6cbbb,ds,data scientist,us,https://www.indeed.com/viewjob?jk=071e16e367b6cbbb
55,679ab1b2fbe59a53,ds,data scientist,us,https://www.indeed.com/viewjob?jk=679ab1b2fbe59a53
56,c35230357da4698a,ds,data scientist,us,https://www.indeed.com/viewjob?jk=c35230357da4698a
57,516ba13b8d34b624,ds,data scientist,us,https://www.indeed.com/viewjob?jk=516ba13b8d34b624
58,4f5c1bfd817afe8a,ds,data scientist,us,https://www.indeed.com/viewjob?jk=4f5c1bfd817afe8a
59,a392ce5e697a5e58,ds,data scientist,us,https://www.indeed.com/viewjob?jk=a392ce5e697a5e58
60,062b03cd94f1e8b6,ds,data scientist,us,https://www.indeed.com/viewjob?jk=062b03cd94f1e8b6
61,cedd08e6dd9a6ce3,ds,data scientist,us,https://www.indeed.com/viewjob?jk=cedd08e6dd9a6ce3
62,c554a26244b07e0d,ds,data scientist,us,https://www.indeed.com/viewjob?jk=c554a26244b07e0d
63,54737dcdbec20f38,ds,data scientist,us,https://www.indeed.com/viewjob?jk=54737dcdbec20f38
64,ba31fd39b2ff70d4,ds,data scientist,us,https://www.indeed.com/viewjob?jk=ba31fd39b2ff70d4
65,6e6aae807c0e2a9b,ds,data scientist,us,https://www.indeed.com/viewjob?jk=6e6aae807c0e2a9b
66,d551e07dd512069d,ds,data scientist,us,https://www.indeed.com/viewjob?jk=d551e07dd512069d
67,38ed14db19d9d3a2,ds,data scientist,us,https://www.indeed.com/viewjob?jk=38ed14db19d9d3a2
68,a553d77b2d6e470c,ds,data scientist,us,https://www.indeed.com/viewjob?jk=a553d77b2d6e470c
69,049f59d60e37c9f1,ds,data scientist,us,https://www.indeed.com/viewjob?jk=049f59d60e37c9f1
70,731b91b8b07ee193,ds,data scientist,us,https://www.indeed.com/viewjob?jk=731b91b8b07ee193
71,f8ee5ff1ae544290,ds,data scientist,us,https://www.indeed.com/viewjob?jk=f8ee5ff1ae544290
72,e605034d120528ca,ds,data scientist,us,https://www.indeed.com/viewjob?jk=e605034d120528ca
73,b9633df261c7079f,ds,data scientist,us,https://www.indeed.com/viewjob?jk=b9633df261c7079f
74,3898ac36fa63199a,ds,data scientist,us,https://www.indeed.com/viewjob?jk=3898ac36fa63199a
75,6476ed739d19959f,ds,data scientist,us,https://www.indeed.com/viewjob?jk=6476ed739d19959f
76,41c24d1f7c66b9e9,ds,data scientist,us,https://www.indeed.com/viewjob?jk=41c24d1f7c66b9e9
77,4a2e622e892ac8c4,ds,data scientist,us,https://www.indeed.com/viewjob?jk=4a2e622e892ac8c4
78,03f218221f6a963a,ds,data scientist,us,https://www.indeed.com/viewjob?jk=03f218221f6a963a
79,b70ce61e6aac25fd,ds,data scientist,us,https://www.indeed.com/viewjob?jk=b70ce61e6aac25fd
80,70251fe40545605c,ds,data scientist,us,https://www.indeed.com/viewjob?jk=70251fe40545605c
81,ab873844ab311704,ds,data scientist,us,https://www.indeed.com/viewjob?jk=ab873844ab311704
82,de330363ac9b8524,ds,data scientist,us,https://www.indeed.com/viewjob?jk=de330363ac9b8524
83,7657ad67f998d2b7,ds,data scientist,us,https://www.indeed.com/viewjob?jk=7657ad67f998d2b7
84,b380d7ca36932587,ds,data scientist,us,https://www.indeed.com/viewjob?jk=b380d7ca36932587
85,e3322c595ca5d7cd,ds,data scientist,us,https://www.indeed.com/viewjob?jk=e3322c595ca5d7cd
86,4018dc2de43e8efd,ds,data scientist,us,https://www.indeed.com/viewjob?jk=4018dc2de43e8efd
87,c8ed81833dbdd2b1,ds,data scientist,us,https://www.indeed.com/viewjob?jk=c8ed81833dbdd2b1
88,2eadb3d28fe7fc05,ds,data scientist,us,https://www.indeed.com/viewjob?jk=2eadb3d28fe7fc05
89,49b997c3ee7504fb,ds,data scientist,us,https://www.indeed.com/viewjob?jk=49b997c3ee7504fb
90,285fee9c2b3bca3c,ds,data scientist,us,https://www.indeed.com/viewjob?jk=285fee9c2b3bca3c
91,f6175b565a314651,ds,data scientist,us,https://www.indeed.com/viewjob?jk=f6175b565a314651
92,d126b92f4cf8a30d,ds,data scientist,us,https://www.indeed.com/viewjob?jk=d126b92f4cf8a30d
93,a095e32cffee5a06,ds,data scientist,us,https://www.indeed.com/viewjob?jk=a095e32cffee5a06
94,281c919b8d37eacf,ds,data scientist,us,https://www.indeed.com/viewjob?jk=281c919b8d37eacf
95,9641da4c44d5f238,ds,data scientist,us,https://www.indeed.com/viewjob?jk=9641da4c44d5f238
96,648f7230753ce3b3,ds,data scientist,us,https://www.indeed.com/viewjob?jk=648f7230753ce3b3
97,9cc0b259d25d5e1a,ds,data scientist,us,https://www.indeed.com/viewjob?jk=9cc0b259d25d5e1a
98,076199153bd4703a,ds,data scientist,us,https://www.indeed.com/viewjob?jk=076199153bd4703a
99,d2c1eaf7a1b97199,ds,data scientist,us,https://www.indeed.com/viewjob?jk=d2c1eaf7a1b97199
100,8b5be1753bf154d1,ds,data scientist,us,https://www.indeed.com/viewjob?jk=8b5be1753bf154d1
101,44998d53f1f285a6,ds,data scientist,us,https://www.indeed.com/viewjob?jk=44998d53f1f285a6
102,98e0397f71d8d9d0,ds,data scientist,us,https://www.indeed.com/viewjob?jk=98e0397f71d8d9d0
103,a22cd9173b797a66,ds,data scientist,us,https://www.indeed.com/viewjob?jk=a22cd9173b797a66
104,6341714245bc5404,ds,data scientist,us,https://www.indeed.com/viewjob?jk=6341714245bc5404
105,44579e4a9822101e,ds,data scientist,us,https://www.indeed.com/viewjob?jk=44579e4a9822101e
106,2166cfd32b8d9eaa,ds,data scientist,us,https://www.indeed.com/viewjob?jk=2166cfd32b8d9eaa
107,549cbd35a220a4a6,ds,data scientist,us,https://www.indeed.com/viewjob?jk=549cbd35a220a4a6
108,83a5123b13d2170f,ds,data scientist,us,https://www.indeed.com/viewjob?jk=83a5123b13d2170f
109,2202119d4285e2fa,ds,data scientist,us,https://www.indeed.com/viewjob?jk=2202119d4285e2fa
110,eacbcb5606dceb74,ds,data scientist,us,https://www.indeed.com/viewjob?jk=eacbcb5606dceb74
111,ba15fe1dfdb8ee5f,ds,data scientist,us,https://www.indeed.com/viewjob?jk=ba15fe1dfdb8ee5f
112,992146ee8509525c,ds,data scientist,us,https://www.indeed.com/viewjob?jk=992146ee8509525c
113,3d1893b390887f06,ds,data scientist,us,https://www.indeed.com/viewjob?jk=3d1893b390887f06
114,ed32f9ea3a8797c3,ds,data scientist,us,https://www.indeed.com/viewjob?jk=ed32f9ea3a8797c3
115,0b65bee620ad91c7,ds,data scientist,us,https://www.indeed.com/viewjob?jk=0b65bee620ad91c7
116,daafb43e02d588dd,ds,data scientist,us,https://www.indeed.com/viewjob?jk=daafb43e02d588dd
117,fc3574a797dad5af,ds,data scientist,us,https://www.indeed.com/viewjob?jk=fc3574a797dad5af
118,d74bd24bacfc4141,ds,data scientist,us,https://www.indeed.com/viewjob?jk=d74bd24bacfc4141
119,cc95759a209b47ad,ds,data scientist,us,https://www.indeed.com/viewjob?jk=cc95759a209b47ad
120,fe78c3bef761bfd0,ds,data scientist,us,https://www.indeed.com/viewjob?jk=fe78c3bef761bfd0
121,1fe0dbe66a898124,ds,data scientist,us,https://www.indeed.com/viewjob?jk=1fe0dbe66a898124
122,47159683d5bcf7cd,ds,data scientist,us,https://www.indeed.com/viewjob?jk=47159683d5bcf7cd
123,7267be9831bd8cf9,ds,data scientist,us,https://www.indeed.com/viewjob?jk=7267be9831bd8cf9
124,36915865f2d12038,ds,data scientist,us,https://www.indeed.com/viewjob?jk=36915865f2d12038
125,e1469c69e8b1f5d6,ds,data scientist,us,https://www.indeed.com/viewjob?jk=e1469c69e8b1f5d6
126,ff61b1cffa2a47f2,ds,data scientist,us,https://www.indeed.com/viewjob?jk=ff61b1cffa2a47f2
127,4f0377ec8bb7bc8e,ds,data scientist,us,https://www.indeed.com/viewjob?jk=4f0377ec8bb7bc8e
128,fbd6f5a0a412d014,ds,data scientist,us,https://www.indeed.com/viewjob?jk=fbd6f5a0a412d014
129,4d397bba65cd48a3,ds,data scientist,us,https://www.indeed.com/viewjob?jk=4d397bba65cd48a3
130,e97a8b138c0d139a,ds,data scientist,us,https://www.indeed.com/viewjob?jk=e97a8b138c0d139a
131,f704f531ba0eada1,ds,data scientist,us,https://www.indeed.com/viewjob?jk=f704f531ba0eada1
132,0a7398878618a9d0,ds,data scientist,us,https://www.indeed.com/viewjob?jk=0a7398878618a9d0
133,f48fa8825be9076f,ds,data scientist,us,https://www.indeed.com/viewjob?jk=f48fa8825be9076f
134,d4bd6ae88c5f19b4,ds,data scientist,us,https://www.indeed.com/viewjob?jk=d4bd6ae88c5f19b4
135,b2bbdcc13b8dce4d,ds,data scientist,us,https://www.indeed.com/viewjob?jk=b2bbdcc13b8dce4d
136,b28244ce38bfad50,ds,data scientist,us,https://www.indeed.com/viewjob?jk=b28244ce38bfad50
137,00bf66456db490e2,ds,data scientist,us,https://www.indeed.com/viewjob?jk=00bf66456db490e2
138,d4c31fe73fe537ad,ds,data scientist,us,https://www.indeed.com/viewjob?jk=d4c31fe73fe537ad
139,07b9c97320b28d96,ds,data scientist,us,https://www.indeed.com/viewjob?jk=07b9c97320b28d96
1,80401ffb79f65b57,ds,data scientist,uk,https://www.indeed.com/viewjob?jk=80401ffb79f65b57
2,663e1a911874a562,ds,data scientist,uk,https://www.indeed.com/viewjob?jk=663e1a911874a562
1,48bd65366b7cc1e3,ds,data scientist,es,https://www.indeed.com/viewjob?jk=48bd65366b7cc1e3
2,ab9c3a2b4937cf2c,ds,data scientist,es,https://www.indeed.com/viewjob?jk=ab9c3a2b4937cf2c
3,4bd7ad4021696333,ds,data scientist,es,https://www.indeed.com/viewjob?jk=4bd7ad4021696333
1,69ffbc7061972070,ds,data scientist,fr,https://www.indeed.com/viewjob?jk=69ffbc7061972070
2,40a612c9f8796ca5,ds,data scientist,fr,https://www.indeed.com/viewjob?jk=40a612c9f8796ca5
3,ad0025ae44646b9e,ds,data scientist,fr,https://www.indeed.com/viewjob?jk=ad0025ae44646b9e
4,77f625e5f6fbc57b,ds,data scientist,fr,https://www.indeed.com/viewjob?jk=77f625e5f6fbc57b
1,3d00ed0544c144cb,ds,data scientist,de,https://www.indeed.com/viewjob?jk=3d00ed0544c144cb
2,f36c633b5bf7a875,ds,data scientist,de,https://www.indeed.com/viewjob?jk=f36c633b5bf7a875
3,3fc7d4cc64a183f9,ds,data scientist,de,https://www.indeed.com/viewjob?jk=3fc7d4cc64a183f9
4,1bda16ffa45a27c4,ds,data scientist,de,https://www.indeed.com/viewjob?jk=1bda16ffa45a27c4
5,154aae1e0eb3804f,ds,data scientist,de,https://www.indeed.com/viewjob?jk=154aae1e0eb3804f
6,0f9001021454d98f,ds,data scientist,de,https://www.indeed.com/viewjob?jk=0f9001021454d98f
7,6c4c432f7728c726,ds,data scientist,de,https://www.indeed.com/viewjob?jk=6c4c432f7728c726
8,589871777d12833e,ds,data scientist,de,https://www.indeed.com/viewjob?jk=589871777d12833e
9,7533739021de7345,ds,data scientist,de,https://www.indeed.com/viewjob?jk=7533739021de7345
10,046c6cca777d99aa,ds,data scientist,de,https://www.indeed.com/viewjob?jk=046c6cca777d99aa
11,6321b753e6761945,ds,data scientist,de,https://www.indeed.com/viewjob?jk=6321b753e6761945
12,98fd64bed7cb8516,ds,data scientist,de,https://www.indeed.com/viewjob?jk=98fd64bed7cb8516
13,6c3dcdd7b99d6876,ds,data scientist,de,https://www.indeed.com/viewjob?jk=6c3dcdd7b99d6876
14,3b0ca7161e867932,ds,data scientist,de,https://www.indeed.com/viewjob?jk=3b0ca7161e867932
15,1cb1d3b1a7b72ae5,ds,data scientist,de,https://www.indeed.com/viewjob?jk=1cb1d3b1a7b72ae5
16,a000c9d8334f9646,ds,data scientist,de,https://www.indeed.com/viewjob?jk=a000c9d8334f9646
17,353ae7187aecb5ce,ds,data scientist,de,https://www.indeed.com/viewjob?jk=353ae7187aecb5ce
18,78a2ea3af06654c9,ds,data scientist,de,https://www.indeed.com/viewjob?jk=78a2ea3af06654c9
19,ef69e2262d874307,ds,data scientist,de,https://www.indeed.com/viewjob?jk=ef69e2262d874307
20,3dac75eb0ba47608,ds,data scientist,de,https://www.indeed.com/viewjob?jk=3dac75eb0ba47608
1,b34be4c0dac3a337,ds,data scientist,ca,https://www.indeed.com/viewjob?jk=b34be4c0dac3a337
2,0835358bfeeed442,ds,data scientist,ca,https://www.indeed.com/viewjob?jk=0835358bfeeed442
1,38f63d6bbbf520d0,ds,data scientist,dk,https://www.indeed.com/viewjob?jk=38f63d6bbbf520d0
1,a848db11057b4409,ds,data scientist,pl,https://www.indeed.com/viewjob?jk=a848db11057b4409
2,20db12858c26b078,ds,data scientist,pl,https://www.indeed.com/viewjob?jk=20db12858c26b078
1,15d77aa132b58131,ds,data scientist,pt,https://www.indeed.com/viewjob?jk=15d77aa132b58131
2,94caf2d0065aa6be,ds,data scientist,pt,https://www.indeed.com/viewjob?jk=94caf2d0065aa6be
1,66bb05ad907bb426,ds,data scientist,au,https://www.indeed.com/viewjob?jk=66bb05ad907bb426
1,f2a7e06b749455ba,ds,data scientist,in,https://www.indeed.com/viewjob?jk=f2a7e06b749455ba
2,005bef7513eadbc6,ds,data scientist,in,https://www.indeed.com/viewjob?jk=005bef7513eadbc6
3,54c056413999e0f7,ds,data scientist,in,https://www.indeed.com/viewjob?jk=54c056413999e0f7
4,e1f790299ba8f002,ds,data scientist,in,https://www.indeed.com/viewjob?jk=e1f790299ba8f002
5,d2800ed85766bbd2,ds,data scientist,in,https://www.indeed.com/viewjob?jk=d2800ed85766bbd2
6,ceea040cafcedf91,ds,data scientist,in,https://www.indeed.com/viewjob?jk=ceea040cafcedf91
7,a684c4bcdba6e547,ds,data scientist,in,https://www.indeed.com/viewjob?jk=a684c4bcdba6e547
8,e1bc4c3e39851ff4,ds,data scientist,in,https://www.indeed.com/viewjob?jk=e1bc4c3e39851ff4
9,9f5b497082682da1,ds,data scientist,in,https://www.indeed.com/viewjob?jk=9f5b497082682da1
10,ac6b0c764c54cbd1,ds,data scientist,in,https://www.indeed.com/viewjob?jk=ac6b0c764c54cbd1
11,6cde66dae8ad5880,ds,data scientist,in,https://www.indeed.com/viewjob?jk=6cde66dae8ad5880
12,13d4a069c1d6d078,ds,data scientist,in,https://www.indeed.com/viewjob?jk=13d4a069c1d6d078
13,a42c14778ab1db8c,ds,data scientist,in,https://www.indeed.com/viewjob?jk=a42c14778ab1db8c
14,957f5b5170044963,ds,data scientist,in,https://www.indeed.com/viewjob?jk=957f5b5170044963
15,e240a34f1f3a7b91,ds,data scientist,in,https://www.indeed.com/viewjob?jk=e240a34f1f3a7b91
16,07ee67e832b48107,ds,data scientist,in,https://www.indeed.com/viewjob?jk=07ee67e832b48107
17,21cab5a3296af8eb,ds,data scientist,in,https://www.indeed.com/viewjob?jk=21cab5a3296af8eb
18,c4814531df784aec,ds,data scientist,in,https://www.indeed.com/viewjob?jk=c4814531df784aec
19,5596453695ac8f9d,ds,data scientist,in,https://www.indeed.com/viewjob?jk=5596453695ac8f9d
20,fd418e7b711b1d92,ds,data scientist,in,https://www.indeed.com/viewjob?jk=fd418e7b711b1d92
21,9c71ab6cd43a1ad1,ds,data scientist,in,https://www.indeed.com/viewjob?jk=9c71ab6cd43a1ad1
22,94f5ac99dc09489a,ds,data scientist,in,https://www.indeed.com/viewjob?jk=94f5ac99dc09489a
23,f1d536379af7434e,ds,data scientist,in,https://www.indeed.com/viewjob?jk=f1d536379af7434e
24,2be53cf96a0e34bc,ds,data scientist,in,https://www.indeed.com/viewjob?jk=2be53cf96a0e34bc
25,35e13a70082513f8,ds,data scientist,in,https://www.indeed.com/viewjob?jk=35e13a70082513f8
26,bfbfcb80522c3349,ds,data scientist,in,https://www.indeed.com/viewjob?jk=bfbfcb80522c3349
27,b8e491e595cbba63,ds,data scientist,in,https://www.indeed.com/viewjob?jk=b8e491e595cbba63
28,0596d251ecf9efad,ds,data scientist,in,https://www.indeed.com/viewjob?jk=0596d251ecf9efad
29,0a1bde28524fadc8,ds,data scientist,in,https://www.indeed.com/viewjob?jk=0a1bde28524fadc8
30,c938fedcd58a6c90,ds,data scientist,in,https://www.indeed.com/viewjob?jk=c938fedcd58a6c90
31,ea8f1d95c992d7c7,ds,data scientist,in,https://www.indeed.com/viewjob?jk=ea8f1d95c992d7c7
32,e18f2770d26d8efd,ds,data scientist,in,https://www.indeed.com/viewjob?jk=e18f2770d26d8efd
33,6eaedf13f6b6efcd,ds,data scientist,in,https://www.indeed.com/viewjob?jk=6eaedf13f6b6efcd
34,e4f1d439476358ea,ds,data scientist,in,https://www.indeed.com/viewjob?jk=e4f1d439476358ea
35,07a8c81f25d25954,ds,data scientist,in,https://www.indeed.com/viewjob?jk=07a8c81f25d25954
36,8aea822094ade860,ds,data scientist,in,https://www.indeed.com/viewjob?jk=8aea822094ade860
37,25d1bd62e0868487,ds,data scientist,in,https://www.indeed.com/viewjob?jk=25d1bd62e0868487
38,05356aabf672f573,ds,data scientist,in,https://www.indeed.com/viewjob?jk=05356aabf672f573
39,880319ec59d67d39,ds,data scientist,in,https://www.indeed.com/viewjob?jk=880319ec59d67d39
40,b3a03d7dd929af9a,ds,data scientist,in,https://www.indeed.com/viewjob?jk=b3a03d7dd929af9a
41,becbc1ed153063ea,ds,data scientist,in,https://www.indeed.com/viewjob?jk=becbc1ed153063ea
42,329f7ccbb416ea4b,ds,data scientist,in,https://www.indeed.com/viewjob?jk=329f7ccbb416ea4b
43,7977665765f9cfd5,ds,data scientist,in,https://www.indeed.com/viewjob?jk=7977665765f9cfd5
44,cef2a1292dd7255c,ds,data scientist,in,https://www.indeed.com/viewjob?jk=cef2a1292dd7255c
45,d53e0c540ee183ed,ds,data scientist,in,https://www.indeed.com/viewjob?jk=d53e0c540ee183ed
46,5261922b922c1e24,ds,data scientist,in,https://www.indeed.com/viewjob?jk=5261922b922c1e24
47,09c3edec1e34b447,ds,data scientist,in,https://www.indeed.com/viewjob?jk=09c3edec1e34b447
48,17d4f6fca16613fe,ds,data scientist,in,https://www.indeed.com/viewjob?jk=17d4f6fca16613fe
49,4811f92d27aa09dc,ds,data scientist,in,https://www.indeed.com/viewjob?jk=4811f92d27aa09dc
50,cc89595aac1eb9e4,ds,data scientist,in,https://www.indeed.com/viewjob?jk=cc89595aac1eb9e4
51,a8f146a4f6b4b399,ds,data scientist,in,https://www.indeed.com/viewjob?jk=a8f146a4f6b4b399
52,73f7b8919f90c778,ds,data scientist,in,https://www.indeed.com/viewjob?jk=73f7b8919f90c778
53,07f769bbe7af2eb0,ds,data scientist,in,https://www.indeed.com/viewjob?jk=07f769bbe7af2eb0
54,90e54f6c3f46b8b6,ds,data scientist,in,https://www.indeed.com/viewjob?jk=90e54f6c3f46b8b6
55,ab8cb65c44043706,ds,data scientist,in,https://www.indeed.com/viewjob?jk=ab8cb65c44043706
56,0b4df6429f4f1283,ds,data scientist,in,https://www.indeed.com/viewjob?jk=0b4df6429f4f1283
57,58691485332373f3,ds,data scientist,in,https://www.indeed.com/viewjob?jk=58691485332373f3
58,a03fae4f556d0662,ds,data scientist,in,https://www.indeed.com/viewjob?jk=a03fae4f556d0662
59,dad19b3198add105,ds,data scientist,in,https://www.indeed.com/viewjob?jk=dad19b3198add105
60,f22d661ec4083aaa,ds,data scientist,in,https://www.indeed.com/viewjob?jk=f22d661ec4083aaa
61,dedba8255cc7eb48,ds,data scientist,in,https://www.indeed.com/viewjob?jk=dedba8255cc7eb48
62,bb0c64f11e3920e7,ds,data scientist,in,https://www.indeed.com/viewjob?jk=bb0c64f11e3920e7
63,28da9f07e0c1d5c8,ds,data scientist,in,https://www.indeed.com/viewjob?jk=28da9f07e0c1d5c8
64,ca41fb9ebc66e060,ds,data scientist,in,https://www.indeed.com/viewjob?jk=ca41fb9ebc66e060
65,f6f6fa63af29937b,ds,data scientist,in,https://www.indeed.com/viewjob?jk=f6f6fa63af29937b
66,4cbdc2aca61cca6a,ds,data scientist,in,https://www.indeed.com/viewjob?jk=4cbdc2aca61cca6a
67,f9c0a3adad7d033c,ds,data scientist,in,https://www.indeed.com/viewjob?jk=f9c0a3adad7d033c
68,4f79f77e96bbd8e2,ds,data scientist,in,https://www.indeed.com/viewjob?jk=4f79f77e96bbd8e2
69,4eb54cf04fda7fd1,ds,data scientist,in,https://www.indeed.com/viewjob?jk=4eb54cf04fda7fd1
70,e0ef28b54d58a56d,ds,data scientist,in,https://www.indeed.com/viewjob?jk=e0ef28b54d58a56d
71,06125af75d2279cd,ds,data scientist,in,https://www.indeed.com/viewjob?jk=06125af75d2279cd
72,583af9b0ebd8d83c,ds,data scientist,in,https://www.indeed.com/viewjob?jk=583af9b0ebd8d83c
73,65a724c7fc6b05a1,ds,data scientist,in,https://www.indeed.com/viewjob?jk=65a724c7fc6b05a1
74,f19a8c0a4acaa01a,ds,data scientist,in,https://www.indeed.com/viewjob?jk=f19a8c0a4acaa01a
75,f70641f9c0c4897b,ds,data scientist,in,https://www.indeed.com/viewjob?jk=f70641f9c0c4897b
76,f940f96aa5bf407e,ds,data scientist,in,https://www.indeed.com/viewjob?jk=f940f96aa5bf407e
77,47471acb1036cc64,ds,data scientist,in,https://www.indeed.com/viewjob?jk=47471acb1036cc64
78,db5738a74494e0f1,ds,data scientist,in,https://www.indeed.com/viewjob?jk=db5738a74494e0f1
79,34c50cc60cb27eb6,ds,data scientist,in,https://www.indeed.com/viewjob?jk=34c50cc60cb27eb6
80,5ce2f994205ee809,ds,data scientist,in,https://www.indeed.com/viewjob?jk=5ce2f994205ee809
81,faab92175e263537,ds,data scientist,in,https://www.indeed.com/viewjob?jk=faab92175e263537
82,68a275e017bcdfdc,ds,data scientist,in,https://www.indeed.com/viewjob?jk=68a275e017bcdfdc
83,5a29b8b6d02e8869,ds,data scientist,in,https://www.indeed.com/viewjob?jk=5a29b8b6d02e8869
84,3159c0047b6bdcd5,ds,data scientist,in,https://www.indeed.com/viewjob?jk=3159c0047b6bdcd5
85,37d76baf38865bfd,ds,data scientist,in,https://www.indeed.com/viewjob?jk=37d76baf38865bfd
86,53288dbb51dcaf28,ds,data scientist,in,https://www.indeed.com/viewjob?jk=53288dbb51dcaf28
87,d9e74d3f85f31250,ds,data scientist,in,https://www.indeed.com/viewjob?jk=d9e74d3f85f31250
88,be8aeb5689774b64,ds,data scientist,in,https://www.indeed.com/viewjob?jk=be8aeb5689774b64
89,0d00543f7461457f,ds,data scientist,in,https://www.indeed.com/viewjob?jk=0d00543f7461457f
90,9a955158ee357428,ds,data scientist,in,https://www.indeed.com/viewjob?jk=9a955158ee357428
91,2baf8f1d68901163,ds,data scientist,in,https://www.indeed.com/viewjob?jk=2baf8f1d68901163
92,f6371032102488cc,ds,data scientist,in,https://www.indeed.com/viewjob?jk=f6371032102488cc
93,5d476b8610620e75,ds,data scientist,in,https://www.indeed.com/viewjob?jk=5d476b8610620e75
94,f154a2de4e6d0d63,ds,data scientist,in,https://www.indeed.com/viewjob?jk=f154a2de4e6d0d63
95,32a9755451a7f701,ds,data scientist,in,https://www.indeed.com/viewjob?jk=32a9755451a7f701
96,e203341d0f2a393e,ds,data scientist,in,https://www.indeed.com/viewjob?jk=e203341d0f2a393e
97,e265ea0ca853990e,ds,data scientist,in,https://www.indeed.com/viewjob?jk=e265ea0ca853990e
98,25bdd3029a32b94d,ds,data scientist,in,https://www.indeed.com/viewjob?jk=25bdd3029a32b94d
99,994b19651a4e53ee,ds,data scientist,in,https://www.indeed.com/viewjob?jk=994b19651a4e53ee
100,0203c7bfbc9fb1b1,ds,data scientist,in,https://www.indeed.com/viewjob?jk=0203c7bfbc9fb1b1
101,9d3702b9efb8f215,ds,data scientist,in,https://www.indeed.com/viewjob?jk=9d3702b9efb8f215
102,af7baa92b13efa94,ds,data scientist,in,https://www.indeed.com/viewjob?jk=af7baa92b13efa94
103,64f044fefa1d5bc4,ds,data scientist,in,https://www.indeed.com/viewjob?jk=64f044fefa1d5bc4
104,0f43e56dde6938eb,ds,data scientist,in,https://www.indeed.com/viewjob?jk=0f43e56dde6938eb
105,7b1653672adca155,ds,data scientist,in,https://www.indeed.com/viewjob?jk=7b1653672adca155
106,2f6026a43282471b,ds,data scientist,in,https://www.indeed.com/viewjob?jk=2f6026a43282471b
107,fc3880439c58b27c,ds,data scientist,in,https://www.indeed.com/viewjob?jk=fc3880439c58b27c
108,6b984d7840bdaea4,ds,data scientist,in,https://www.indeed.com/viewjob?jk=6b984d7840bdaea4
109,a2fa76553cac8e22,ds,data scientist,in,https://www.indeed.com/viewjob?jk=a2fa76553cac8e22
110,ab80b0ad57f085fa,ds,data scientist,in,https://www.indeed.com/viewjob?jk=ab80b0ad57f085fa
111,6595f610ee78d136,ds,data scientist,in,https://www.indeed.com/viewjob?jk=6595f610ee78d136
112,a699a5b7a93b6632,ds,data scientist,in,https://www.indeed.com/viewjob?jk=a699a5b7a93b6632
113,66addd7b561c213d,ds,data scientist,in,https://www.indeed.com/viewjob?jk=66addd7b561c213d
114,4682248403487021,ds,data scientist,in,https://www.indeed.com/viewjob?jk=4682248403487021
115,62c68d8143ba24a4,ds,data scientist,in,https://www.indeed.com/viewjob?jk=62c68d8143ba24a4
116,73f8e750b498570c,ds,data scientist,in,https://www.indeed.com/viewjob?jk=73f8e750b498570c
117,8c895ff3f9acab64,ds,data scientist,in,https://www.indeed.com/viewjob?jk=8c895ff3f9acab64
118,67af410aec859e18,ds,data scientist,in,https://www.indeed.com/viewjob?jk=67af410aec859e18
119,95dd31d941d172c2,ds,data scientist,in,https://www.indeed.com/viewjob?jk=95dd31d941d172c2
120,e921d148caa156c6,ds,data scientist,in,https://www.indeed.com/viewjob?jk=e921d148caa156c6
121,dfa8426274d43c57,ds,data scientist,in,https://www.indeed.com/viewjob?jk=dfa8426274d43c57
122,4b45cc07ce8447f6,ds,data scientist,in,https://www.indeed.com/viewjob?jk=4b45cc07ce8447f6
123,07c71b04555a7d3e,ds,data scientist,in,https://www.indeed.com/viewjob?jk=07c71b04555a7d3e
124,8c9b382b5ff8320a,ds,data scientist,in,https://www.indeed.com/viewjob?jk=8c9b382b5ff8320a
125,7a6521dbd39c1b9c,ds,data scientist,in,https://www.indeed.com/viewjob?jk=7a6521dbd39c1b9c
126,4efd1229bf76aad5,ds,data scientist,in,https://www.indeed.com/viewjob?jk=4efd1229bf76aad5
127,af1a2c1b614de738,ds,data scientist,in,https://www.indeed.com/viewjob?jk=af1a2c1b614de738
128,4fe948533770ab14,ds,data scientist,in,https://www.indeed.com/viewjob?jk=4fe948533770ab14
129,9fe4cc3cf077e6a5,ds,data scientist,in,https://www.indeed.com/viewjob?jk=9fe4cc3cf077e6a5
130,b216a2a7bc62bb72,ds,data scientist,in,https://www.indeed.com/viewjob?jk=b216a2a7bc62bb72
131,13cc7e91d5d14151,ds,data scientist,in,https://www.indeed.com/viewjob?jk=13cc7e91d5d14151
132,b9eac35c70bf133b,ds,data scientist,in,https://www.indeed.com/viewjob?jk=b9eac35c70bf133b
133,887676ca938c7069,ds,data scientist,in,https://www.indeed.com/viewjob?jk=887676ca938c7069
134,c036bf0c69da97c9,ds,data scientist,in,https://www.indeed.com/viewjob?jk=c036bf0c69da97c9
135,149fd96f40f784ec,ds,data scientist,in,https://www.indeed.com/viewjob?jk=149fd96f40f784ec
136,11b3b0eb346ac7d6,ds,data scientist,in,https://www.indeed.com/viewjob?jk=11b3b0eb346ac7d6
137,1f5f54fc67eed451,ds,data scientist,in,https://www.indeed.com/viewjob?jk=1f5f54fc67eed451
138,240f4a6fbcd387a7,ds,data scientist,in,https://www.indeed.com/viewjob?jk=240f4a6fbcd387a7
139,8bd349c835235c0d,ds,data scientist,in,https://www.indeed.com/viewjob?jk=8bd349c835235c0d
140,e6cc2abb9528fe86,ds,data scientist,in,https://www.indeed.com/viewjob?jk=e6cc2abb9528fe86
141,df6ba4348fb35224,ds,data scientist,in,https://www.indeed.com/viewjob?jk=df6ba4348fb35224
142,c3cd06b5fbaab38a,ds,data scientist,in,https://www.indeed.com/viewjob?jk=c3cd06b5fbaab38a
143,83553a7e2f86541d,ds,data scientist,in,https://www.indeed.com/viewjob?jk=83553a7e2f86541d
144,9ee591617a67e8f7,ds,data scientist,in,https://www.indeed.com/viewjob?jk=9ee591617a67e8f7
145,f00429bf91d226e3,ds,data scientist,in,https://www.indeed.com/viewjob?jk=f00429bf91d226e3
146,41d4ab74429279a7,ds,data scientist,in,https://www.indeed.com/viewjob?jk=41d4ab74429279a7
147,4c4eebb9b802dedc,ds,data scientist,in,https://www.indeed.com/viewjob?jk=4c4eebb9b802dedc
148,1b0b9c809e7063f9,ds,data scientist,in,https://www.indeed.com/viewjob?jk=1b0b9c809e7063f9
149,3ac5026a9d61c9e8,ds,data scientist,in,https://www.indeed.com/viewjob?jk=3ac5026a9d61c9e8
150,3624c42aecf3faa3,ds,data scientist,in,https://www.indeed.com/viewjob?jk=3624c42aecf3faa3
151,60e3fb6cf9af32e3,ds,data scientist,in,https://www.indeed.com/viewjob?jk=60e3fb6cf9af32e3
152,c94f7708668e670d,ds,data scientist,in,https://www.indeed.com/viewjob?jk=c94f7708668e670d
153,783900fe62de274b,ds,data scientist,in,https://www.indeed.com/viewjob?jk=783900fe62de274b
154,c149c054dea2fc33,ds,data scientist,in,https://www.indeed.com/viewjob?jk=c149c054dea2fc33
155,7636be460b309c64,ds,data scientist,in,https://www.indeed.com/viewjob?jk=7636be460b309c64
156,04d231282d5ea0b0,ds,data scientist,in,https://www.indeed.com/viewjob?jk=04d231282d5ea0b0
157,a6511b59d5f9b573,ds,data scientist,in,https://www.indeed.com/viewjob?jk=a6511b59d5f9b573
158,07d43d18834366ca,ds,data scientist,in,https://www.indeed.com/viewjob?jk=07d43d18834366ca
159,8538de481422b79c,ds,data scientist,in,https://www.indeed.com/viewjob?jk=8538de481422b79c
160,e3f5700dce132934,ds,data scientist,in,https://www.indeed.com/viewjob?jk=e3f5700dce132934
161,efa055e4c21bb835,ds,data scientist,in,https://www.indeed.com/viewjob?jk=efa055e4c21bb835
162,bd4cf44e1687dfba,ds,data scientist,in,https://www.indeed.com/viewjob?jk=bd4cf44e1687dfba
163,d0de5bfbdc509bb3,ds,data scientist,in,https://www.indeed.com/viewjob?jk=d0de5bfbdc509bb3
164,b37aa218b51dd061,ds,data scientist,in,https://www.indeed.com/viewjob?jk=b37aa218b51dd061
165,bab50128a5ddeaf1,ds,data scientist,in,https://www.indeed.com/viewjob?jk=bab50128a5ddeaf1
166,a8336e39a4e11bfa,ds,data scientist,in,https://www.indeed.com/viewjob?jk=a8336e39a4e11bfa
167,4f17642672c3644c,ds,data scientist,in,https://www.indeed.com/viewjob?jk=4f17642672c3644c
1,f5449db17f6eae66,ds,data scientist,il,https://www.indeed.com/viewjob?jk=f5449db17f6eae66
2,4ad84a103634b136,ds,data scientist,il,https://www.indeed.com/viewjob?jk=4ad84a103634b136
3,2c766b8a04e6b899,ds,data scientist,il,https://www.indeed.com/viewjob?jk=2c766b8a04e6b899
1,2e4afe5bced6798c,ds,data scientist,ph,https://www.indeed.com/viewjob?jk=2e4afe5bced6798c
2,3822f69fe07d4a8c,ds,data scientist,ph,https://www.indeed.com/viewjob?jk=3822f69fe07d4a8c
1,5cbffdf8199e29a2,ds,data scientist,sg,https://www.indeed.com/viewjob?jk=5cbffdf8199e29a2
2,55760a149acad254,ds,data scientist,sg,https://www.indeed.com/viewjob?jk=55760a149acad254
3,a7ededa7799438bc,ds,data scientist,sg,https://www.indeed.com/viewjob?jk=a7ededa7799438bc
4,8f602bebc4598b0d,ds,data scientist,sg,https://www.indeed.com/viewjob?jk=8f602bebc4598b0d
5,b1e2f17ec9b311ff,ds,data scientist,sg,https://www.indeed.com/viewjob?jk=b1e2f17ec9b311ff
1,69b54bd3fcbc3cdd,ds,data scientist,za,https://www.indeed.com/viewjob?jk=69b54bd3fcbc3cdd
1,40301ceb1a20b7e0,ds,data scientist,th,https://www.indeed.com/viewjob?jk=40301ceb1a20b7e0
1,e6c78930a964888b,ds,data scientist,ae,https://www.indeed.com/viewjob?jk=e6c78930a964888b
1,a7f8ad86d7185999,ds,data scientist,my,https://www.indeed.com/viewjob?jk=a7f8ad86d7185999
2,721eccad3aa8d0f6,ds,data scientist,my,https://www.indeed.com/viewjob?jk=721eccad3aa8d0f6
